,0,1,2,3,4,5,6,7,8,9,10,11,12,13,14,15,16,17,18,19,20,21,22,23,24,25,26,27,28,29,30,31,32,33,34,35,36,37,38,39,40,41,42,43,44,45,46,47,48,49,50,51,52,53,54,55,56,57,58,59,60,61,62,63,64,65,66,67,68,69,70,71,72,73,74,75,76,77,78,79,80,81
$boxHeight,200mm,200mm,200mm,200mm,200mm,200mm,200mm,200mm,200mm,200mm,200mm,200mm,200mm,200mm,200mm,200mm,200mm,200mm,200mm,200mm,200mm,200mm,200mm,200mm,200mm,200mm,200mm,200mm,200mm,200mm,200mm,200mm,200mm,200mm,200mm,200mm,200mm,200mm,200mm,200mm,200mm,200mm,200mm,200mm,200mm,200mm,200mm,200mm,200mm,200mm,200mm,200mm,200mm,200mm,200mm,200mm,200mm,200mm,200mm,200mm,200mm,200mm,200mm,200mm,200mm,200mm,200mm,200mm,200mm,200mm,200mm,200mm,200mm,200mm,200mm,200mm,200mm,200mm,200mm,200mm,200mm,200mm
$boxX,30mm,30mm,30mm,30mm,30mm,30mm,30mm,30mm,30mm,30mm,30mm,30mm,30mm,30mm,30mm,30mm,30mm,30mm,30mm,30mm,30mm,30mm,30mm,30mm,30mm,30mm,30mm,30mm,30mm,30mm,30mm,30mm,30mm,30mm,30mm,30mm,30mm,30mm,30mm,30mm,30mm,30mm,30mm,30mm,30mm,30mm,30mm,30mm,30mm,30mm,30mm,30mm,30mm,30mm,30mm,30mm,30mm,30mm,30mm,30mm,30mm,30mm,30mm,30mm,30mm,30mm,30mm,30mm,30mm,30mm,30mm,30mm,30mm,30mm,30mm,30mm,30mm,30mm,30mm,30mm,30mm,30mm
$boxY,30mm,30mm,30mm,30mm,30mm,30mm,30mm,30mm,30mm,30mm,30mm,30mm,30mm,30mm,30mm,30mm,30mm,30mm,30mm,30mm,30mm,30mm,30mm,30mm,30mm,30mm,30mm,30mm,30mm,30mm,30mm,30mm,30mm,30mm,30mm,30mm,30mm,30mm,30mm,30mm,30mm,30mm,30mm,30mm,30mm,30mm,30mm,30mm,30mm,30mm,30mm,30mm,30mm,30mm,30mm,30mm,30mm,30mm,30mm,30mm,30mm,30mm,30mm,30mm,30mm,30mm,30mm,30mm,30mm,30mm,30mm,30mm,30mm,30mm,30mm,30mm,30mm,30mm,30mm,30mm,30mm,30mm
$boxZ,80mm,80mm,80mm,80mm,80mm,80mm,80mm,80mm,80mm,80mm,80mm,80mm,80mm,80mm,80mm,80mm,80mm,80mm,80mm,80mm,80mm,80mm,80mm,80mm,80mm,80mm,80mm,80mm,80mm,80mm,80mm,80mm,80mm,80mm,80mm,80mm,80mm,80mm,80mm,80mm,80mm,80mm,80mm,80mm,80mm,80mm,80mm,80mm,80mm,80mm,80mm,80mm,80mm,80mm,80mm,80mm,80mm,80mm,80mm,80mm,80mm,80mm,80mm,80mm,80mm,80mm,80mm,80mm,80mm,80mm,80mm,80mm,80mm,80mm,80mm,80mm,80mm,80mm,80mm,80mm,80mm,80mm
$cavityHeight,40mm,40mm,40mm,40mm,40mm,40mm,40mm,40mm,40mm,40mm,40mm,40mm,40mm,40mm,40mm,40mm,40mm,40mm,40mm,40mm,40mm,40mm,40mm,40mm,40mm,40mm,40mm,40mm,40mm,40mm,40mm,40mm,40mm,40mm,40mm,40mm,40mm,40mm,40mm,40mm,40mm,40mm,40mm,40mm,40mm,40mm,40mm,40mm,40mm,40mm,40mm,40mm,40mm,40mm,40mm,40mm,40mm,40mm,40mm,40mm,40mm,40mm,40mm,40mm,40mm,40mm,40mm,40mm,40mm,40mm,40mm,40mm,40mm,40mm,40mm,40mm,40mm,40mm,40mm,40mm,40mm,40mm
$cavityRadius,9mm,9mm,9mm,9mm,9mm,9mm,9mm,9mm,9mm,9mm,9mm,9mm,9mm,9mm,9mm,9mm,9mm,9mm,9mm,9mm,9mm,9mm,9mm,9mm,9mm,9mm,9mm,9mm,9mm,9mm,9mm,9mm,9mm,9mm,9mm,9mm,9mm,9mm,9mm,9mm,9mm,9mm,9mm,9mm,9mm,9mm,9mm,9mm,9mm,9mm,9mm,9mm,9mm,9mm,9mm,9mm,9mm,9mm,9mm,9mm,9mm,9mm,9mm,9mm,9mm,9mm,9mm,9mm,9mm,9mm,9mm,9mm,9mm,9mm,9mm,9mm,9mm,9mm,9mm,9mm,9mm,9mm
$coaxHeight,8.5mm,8.5mm,8.5mm,8.5mm,8.5mm,8.5mm,8.5mm,8.5mm,8.5mm,8.5mm,8.5mm,8.5mm,8.5mm,8.5mm,8.5mm,8.5mm,8.5mm,8.5mm,8.5mm,8.5mm,8.5mm,8.5mm,8.5mm,8.5mm,8.5mm,8.5mm,8.5mm,8.5mm,8.5mm,8.5mm,8.5mm,8.5mm,8.5mm,8.5mm,8.5mm,8.5mm,8.5mm,8.5mm,8.5mm,8.5mm,8.5mm,8.5mm,8.5mm,8.5mm,8.5mm,8.5mm,8.5mm,8.5mm,8.5mm,8.5mm,8.5mm,8.5mm,8.5mm,8.5mm,8.5mm,8.5mm,8.5mm,8.5mm,8.5mm,8.5mm,8.5mm,8.5mm,8.5mm,8.5mm,8.5mm,8.5mm,8.5mm,8.5mm,8.5mm,8.5mm,8.5mm,8.5mm,8.5mm,8.5mm,8.5mm,8.5mm,8.5mm,8.5mm,8.5mm,8.5mm,8.5mm,8.5mm
$coaxOffset,2mm,2mm,2mm,2mm,2mm,2mm,2mm,2mm,2mm,2mm,2mm,2mm,2mm,2mm,2mm,2mm,2mm,2mm,2mm,2mm,2mm,2mm,2mm,2mm,2mm,2mm,2mm,2mm,2mm,2mm,2mm,2mm,2mm,2mm,2mm,2mm,2mm,2mm,2mm,2mm,2mm,2mm,2mm,2mm,2mm,2mm,2mm,2mm,2mm,2mm,2mm,2mm,2mm,2mm,2mm,2mm,2mm,2mm,2mm,2mm,2mm,2mm,2mm,2mm,2mm,2mm,2mm,2mm,2mm,2mm,2mm,2mm,2mm,2mm,2mm,2mm,2mm,2mm,2mm,2mm,2mm,2mm
$coaxRad,2.5mm,2.5mm,2.5mm,2.5mm,2.5mm,2.5mm,2.5mm,2.5mm,2.5mm,2.5mm,2.5mm,2.5mm,2.5mm,2.5mm,2.5mm,2.5mm,2.5mm,2.5mm,2.5mm,2.5mm,2.5mm,2.5mm,2.5mm,2.5mm,2.5mm,2.5mm,2.5mm,2.5mm,2.5mm,2.5mm,2.5mm,2.5mm,2.5mm,2.5mm,2.5mm,2.5mm,2.5mm,2.5mm,2.5mm,2.5mm,2.5mm,2.5mm,2.5mm,2.5mm,2.5mm,2.5mm,2.5mm,2.5mm,2.5mm,2.5mm,2.5mm,2.5mm,2.5mm,2.5mm,2.5mm,2.5mm,2.5mm,2.5mm,2.5mm,2.5mm,2.5mm,2.5mm,2.5mm,2.5mm,2.5mm,2.5mm,2.5mm,2.5mm,2.5mm,2.5mm,2.5mm,2.5mm,2.5mm,2.5mm,2.5mm,2.5mm,2.5mm,2.5mm,2.5mm,2.5mm,2.5mm,2.5mm
$fingerHeight,0.002mm,0.002mm,0.002mm,0.002mm,0.002mm,0.002mm,0.002mm,0.002mm,0.002mm,0.002mm,0.002mm,0.002mm,0.002mm,0.002mm,0.002mm,0.002mm,0.002mm,0.002mm,0.002mm,0.002mm,0.002mm,0.002mm,0.002mm,0.002mm,0.002mm,0.002mm,0.002mm,0.002mm,0.002mm,0.002mm,0.002mm,0.002mm,0.002mm,0.002mm,0.002mm,0.002mm,0.002mm,0.002mm,0.002mm,0.002mm,0.002mm,0.002mm,0.002mm,0.002mm,0.002mm,0.002mm,0.002mm,0.002mm,0.002mm,0.002mm,0.002mm,0.002mm,0.002mm,0.002mm,0.002mm,0.002mm,0.002mm,0.002mm,0.002mm,0.002mm,0.002mm,0.002mm,0.002mm,0.002mm,0.002mm,0.002mm,0.002mm,0.002mm,0.002mm,0.002mm,0.002mm,0.002mm,0.002mm,0.002mm,0.002mm,0.002mm,0.002mm,0.002mm,0.002mm,0.002mm,0.002mm,0.002mm
$fingerLen,0.01mm,0.01mm,0.01mm,0.01mm,0.01mm,0.01mm,0.01mm,0.01mm,0.01mm,0.01mm,0.01mm,0.01mm,0.01mm,0.01mm,0.01mm,0.01mm,0.01mm,0.01mm,0.01mm,0.01mm,0.01mm,0.01mm,0.01mm,0.01mm,0.01mm,0.01mm,0.01mm,0.01mm,0.01mm,0.01mm,0.01mm,0.01mm,0.01mm,0.01mm,0.01mm,0.01mm,0.01mm,0.01mm,0.01mm,0.01mm,0.01mm,0.01mm,0.01mm,0.01mm,0.01mm,0.01mm,0.01mm,0.01mm,0.01mm,0.01mm,0.01mm,0.01mm,0.01mm,0.01mm,0.01mm,0.01mm,0.01mm,0.01mm,0.01mm,0.01mm,0.01mm,0.01mm,0.01mm,0.01mm,0.01mm,0.01mm,0.01mm,0.01mm,0.01mm,0.01mm,0.01mm,0.01mm,0.01mm,0.01mm,0.01mm,0.01mm,0.01mm,0.01mm,0.01mm,0.01mm,0.01mm,0.01mm
$junctionLen,0.0050000000000000001mm,0.0050000000000000001mm,0.0050000000000000001mm,0.0050000000000000001mm,0.0050000000000000001mm,0.0050000000000000001mm,0.0050000000000000001mm,0.0050000000000000001mm,0.0050000000000000001mm,0.0050000000000000001mm,0.0050000000000000001mm,0.0050000000000000001mm,0.0050000000000000001mm,0.0050000000000000001mm,0.0050000000000000001mm,0.0050000000000000001mm,0.0050000000000000001mm,0.0050000000000000001mm,0.0050000000000000001mm,0.0050000000000000001mm,0.0050000000000000001mm,0.0050000000000000001mm,0.0050000000000000001mm,0.0050000000000000001mm,0.0050000000000000001mm,0.0050000000000000001mm,0.0050000000000000001mm,0.0050000000000000001mm,0.0050000000000000001mm,0.0050000000000000001mm,0.0050000000000000001mm,0.0050000000000000001mm,0.0050000000000000001mm,0.0050000000000000001mm,0.0050000000000000001mm,0.0050000000000000001mm,0.0050000000000000001mm,0.0050000000000000001mm,0.0050000000000000001mm,0.0050000000000000001mm,0.0050000000000000001mm,0.0050000000000000001mm,0.0050000000000000001mm,0.0050000000000000001mm,0.0050000000000000001mm,0.0050000000000000001mm,0.0050000000000000001mm,0.0050000000000000001mm,0.0050000000000000001mm,0.0050000000000000001mm,0.0050000000000000001mm,0.0050000000000000001mm,0.0050000000000000001mm,0.0050000000000000001mm,0.0050000000000000001mm,0.0050000000000000001mm,0.0050000000000000001mm,0.0050000000000000001mm,0.0050000000000000001mm,0.0050000000000000001mm,0.0050000000000000001mm,0.0050000000000000001mm,0.0050000000000000001mm,0.0050000000000000001mm,0.0050000000000000001mm,0.0050000000000000001mm,0.0050000000000000001mm,0.0050000000000000001mm,0.0050000000000000001mm,0.0050000000000000001mm,0.0050000000000000001mm,0.0050000000000000001mm,0.0050000000000000001mm,0.0050000000000000001mm,0.0050000000000000001mm,0.0050000000000000001mm,0.0050000000000000001mm,0.0050000000000000001mm,0.0050000000000000001mm,0.0050000000000000001mm,0.0050000000000000001mm,0.0050000000000000001mm
$LJ,5nH,5nH,5nH,5nH,5nH,5nH,5nH,5nH,5nH,5nH,5nH,5nH,5nH,5nH,5nH,5nH,5nH,5nH,5nH,5nH,5nH,5nH,5nH,5nH,5nH,5nH,5nH,5nH,5nH,5nH,5nH,5nH,5nH,5nH,5nH,5nH,5nH,5nH,5nH,5nH,5nH,5nH,5nH,5nH,5nH,5nH,5nH,5nH,5nH,5nH,5nH,5nH,5nH,5nH,5nH,5nH,5nH,5nH,5nH,5nH,5nH,5nH,5nH,5nH,5nH,5nH,5nH,5nH,5nH,5nH,5nH,5nH,5nH,5nH,5nH,5nH,5nH,5nH,5nH,5nH,5nH,5nH
$padHeight,0.20000000000000001mm,0.20000000000000001mm,0.20000000000000001mm,0.20000000000000001mm,0.20000000000000001mm,0.20000000000000001mm,0.20000000000000001mm,0.20000000000000001mm,0.20000000000000001mm,0.20000000000000001mm,0.20000000000000001mm,0.20000000000000001mm,0.20000000000000001mm,0.20000000000000001mm,0.20000000000000001mm,0.20000000000000001mm,0.20000000000000001mm,0.20000000000000001mm,0.20000000000000001mm,0.20000000000000001mm,0.20000000000000001mm,0.20000000000000001mm,0.20000000000000001mm,0.20000000000000001mm,0.20000000000000001mm,0.20000000000000001mm,0.20000000000000001mm,0.20000000000000001mm,0.20000000000000001mm,0.20000000000000001mm,0.20000000000000001mm,0.20000000000000001mm,0.20000000000000001mm,0.20000000000000001mm,0.20000000000000001mm,0.20000000000000001mm,0.20000000000000001mm,0.20000000000000001mm,0.20000000000000001mm,0.20000000000000001mm,0.20000000000000001mm,0.20000000000000001mm,0.20000000000000001mm,0.20000000000000001mm,0.20000000000000001mm,0.20000000000000001mm,0.20000000000000001mm,0.20000000000000001mm,0.20000000000000001mm,0.20000000000000001mm,0.20000000000000001mm,0.20000000000000001mm,0.20000000000000001mm,0.20000000000000001mm,0.20000000000000001mm,0.20000000000000001mm,0.20000000000000001mm,0.20000000000000001mm,0.20000000000000001mm,0.20000000000000001mm,0.20000000000000001mm,0.20000000000000001mm,0.20000000000000001mm,0.20000000000000001mm,0.20000000000000001mm,0.20000000000000001mm,0.20000000000000001mm,0.20000000000000001mm,0.20000000000000001mm,0.20000000000000001mm,0.20000000000000001mm,0.20000000000000001mm,0.20000000000000001mm,0.20000000000000001mm,0.20000000000000001mm,0.20000000000000001mm,0.20000000000000001mm,0.20000000000000001mm,0.20000000000000001mm,0.20000000000000001mm,0.20000000000000001mm,0.20000000000000001mm
$padLen,1.5mm,1.5mm,1.5mm,1.5mm,1.5mm,1.5mm,1.5mm,1.5mm,1.5mm,1.5mm,1.5mm,1.5mm,1.5mm,1.5mm,1.5mm,1.5mm,1.5mm,1.5mm,1.5mm,1.5mm,1.5mm,1.5mm,1.5mm,1.5mm,1.5mm,1.5mm,1.5mm,1.5mm,1.5mm,1.5mm,1.5mm,1.5mm,1.5mm,1.5mm,1.5mm,1.5mm,1.5mm,1.5mm,1.5mm,1.5mm,1.5mm,1.5mm,1.5mm,1.5mm,1.5mm,1.5mm,1.5mm,1.5mm,1.5mm,1.5mm,1.5mm,1.5mm,1.5mm,1.5mm,1.5mm,1.5mm,1.5mm,1.5mm,1.5mm,1.5mm,1.5mm,1.5mm,1.5mm,1.5mm,1.5mm,1.5mm,1.5mm,1.5mm,1.5mm,1.5mm,1.5mm,1.5mm,1.5mm,1.5mm,1.5mm,1.5mm,1.5mm,1.5mm,1.5mm,1.5mm,1.5mm,1.5mm
$pin1len,5mm,5mm,5mm,5mm,5mm,5mm,5mm,5mm,5mm,5mm,5mm,5mm,5mm,5mm,5mm,5mm,5mm,5mm,5mm,5mm,5mm,5mm,5mm,5mm,5mm,5mm,5mm,5mm,5mm,5mm,5mm,5mm,5mm,5mm,5mm,5mm,5mm,5mm,5mm,5mm,5mm,5mm,5mm,5mm,5mm,5mm,5mm,5mm,5mm,5mm,5mm,5mm,5mm,5mm,5mm,5mm,5mm,5mm,5mm,5mm,5mm,5mm,5mm,5mm,5mm,5mm,5mm,5mm,5mm,5mm,5mm,5mm,5mm,5mm,5mm,5mm,5mm,5mm,5mm,5mm,5mm,5mm
$pin2len,5mm,5mm,5mm,5mm,5mm,5mm,5mm,5mm,5mm,5mm,5mm,5mm,5mm,5mm,5mm,5mm,5mm,5mm,5mm,5mm,5mm,5mm,5mm,5mm,5mm,5mm,5mm,5mm,5mm,5mm,5mm,5mm,5mm,5mm,5mm,5mm,5mm,5mm,5mm,5mm,5mm,5mm,5mm,5mm,5mm,5mm,5mm,5mm,5mm,5mm,5mm,5mm,5mm,5mm,5mm,5mm,5mm,5mm,5mm,5mm,5mm,5mm,5mm,5mm,5mm,5mm,5mm,5mm,5mm,5mm,5mm,5mm,5mm,5mm,5mm,5mm,5mm,5mm,5mm,5mm,5mm,5mm
$port1Offset,8mm,8mm,8mm,8mm,8mm,8mm,8mm,8mm,8mm,8mm,8mm,8mm,8mm,8mm,8mm,8mm,8mm,8mm,8mm,8mm,8mm,8mm,8mm,8mm,8mm,8mm,8mm,8mm,8mm,8mm,8mm,8mm,8mm,8mm,8mm,8mm,8mm,8mm,8mm,8mm,8mm,8mm,8mm,8mm,8mm,8mm,8mm,8mm,8mm,8mm,8mm,8mm,8mm,8mm,8mm,8mm,8mm,8mm,8mm,8mm,8mm,8mm,8mm,8mm,8mm,8mm,8mm,8mm,8mm,8mm,8mm,8mm,8mm,8mm,8mm,8mm,8mm,8mm,8mm,8mm,8mm,8mm
$port2Len,14mm,14mm,14mm,14mm,14mm,14mm,14mm,14mm,14mm,14mm,14mm,14mm,14mm,14mm,14mm,14mm,14mm,14mm,14mm,14mm,14mm,14mm,14mm,14mm,14mm,14mm,14mm,14mm,14mm,14mm,14mm,14mm,14mm,14mm,14mm,14mm,14mm,14mm,14mm,14mm,14mm,14mm,14mm,14mm,14mm,14mm,14mm,14mm,14mm,14mm,14mm,14mm,14mm,14mm,14mm,14mm,14mm,14mm,14mm,14mm,14mm,14mm,14mm,14mm,14mm,14mm,14mm,14mm,14mm,14mm,14mm,14mm,14mm,14mm,14mm,14mm,14mm,14mm,14mm,14mm,14mm,14mm
$port2offset,9mm,9mm,9mm,9mm,9mm,9mm,9mm,9mm,9mm,9mm,9mm,9mm,9mm,9mm,9mm,9mm,9mm,9mm,9mm,9mm,9mm,9mm,9mm,9mm,9mm,9mm,9mm,9mm,9mm,9mm,9mm,9mm,9mm,9mm,9mm,9mm,9mm,9mm,9mm,9mm,9mm,9mm,9mm,9mm,9mm,9mm,9mm,9mm,9mm,9mm,9mm,9mm,9mm,9mm,9mm,9mm,9mm,9mm,9mm,9mm,9mm,9mm,9mm,9mm,9mm,9mm,9mm,9mm,9mm,9mm,9mm,9mm,9mm,9mm,9mm,9mm,9mm,9mm,9mm,9mm,9mm,9mm
$portLen,14mm,14mm,14mm,14mm,14mm,14mm,14mm,14mm,14mm,14mm,14mm,14mm,14mm,14mm,14mm,14mm,14mm,14mm,14mm,14mm,14mm,14mm,14mm,14mm,14mm,14mm,14mm,14mm,14mm,14mm,14mm,14mm,14mm,14mm,14mm,14mm,14mm,14mm,14mm,14mm,14mm,14mm,14mm,14mm,14mm,14mm,14mm,14mm,14mm,14mm,14mm,14mm,14mm,14mm,14mm,14mm,14mm,14mm,14mm,14mm,14mm,14mm,14mm,14mm,14mm,14mm,14mm,14mm,14mm,14mm,14mm,14mm,14mm,14mm,14mm,14mm,14mm,14mm,14mm,14mm,14mm,14mm
$portRadius,1.25mm,1.25mm,1.25mm,1.25mm,1.25mm,1.25mm,1.25mm,1.25mm,1.25mm,1.25mm,1.25mm,1.25mm,1.25mm,1.25mm,1.25mm,1.25mm,1.25mm,1.25mm,1.25mm,1.25mm,1.25mm,1.25mm,1.25mm,1.25mm,1.25mm,1.25mm,1.25mm,1.25mm,1.25mm,1.25mm,1.25mm,1.25mm,1.25mm,1.25mm,1.25mm,1.25mm,1.25mm,1.25mm,1.25mm,1.25mm,1.25mm,1.25mm,1.25mm,1.25mm,1.25mm,1.25mm,1.25mm,1.25mm,1.25mm,1.25mm,1.25mm,1.25mm,1.25mm,1.25mm,1.25mm,1.25mm,1.25mm,1.25mm,1.25mm,1.25mm,1.25mm,1.25mm,1.25mm,1.25mm,1.25mm,1.25mm,1.25mm,1.25mm,1.25mm,1.25mm,1.25mm,1.25mm,1.25mm,1.25mm,1.25mm,1.25mm,1.25mm,1.25mm,1.25mm,1.25mm,1.25mm,1.25mm
$qubHoleOffset,1mm,1mm,1mm,1mm,1mm,1mm,1mm,1mm,1mm,1mm,1mm,1mm,1mm,1mm,1mm,1mm,1mm,1mm,1mm,1mm,1mm,1mm,1mm,1mm,1mm,1mm,1mm,1mm,1mm,1mm,1mm,1mm,1mm,1mm,1mm,1mm,1mm,1mm,1mm,1mm,1mm,1mm,1mm,1mm,1mm,1mm,1mm,1mm,1mm,1mm,1mm,1mm,1mm,1mm,1mm,1mm,1mm,1mm,1mm,1mm,1mm,1mm,1mm,1mm,1mm,1mm,1mm,1mm,1mm,1mm,1mm,1mm,1mm,1mm,1mm,1mm,1mm,1mm,1mm,1mm,1mm,1mm
$qubitCentDist,6mm,6mm,6mm,6mm,6mm,6mm,6mm,6mm,6mm,6mm,6mm,6mm,6mm,6mm,6mm,6mm,6mm,6mm,6mm,6mm,6mm,6mm,6mm,6mm,6mm,6mm,6mm,6mm,6mm,6mm,6mm,6mm,6mm,6mm,6mm,6mm,6mm,6mm,6mm,6mm,6mm,6mm,6mm,6mm,6mm,6mm,6mm,6mm,6mm,6mm,6mm,6mm,6mm,6mm,6mm,6mm,6mm,6mm,6mm,6mm,6mm,6mm,6mm,6mm,6mm,6mm,6mm,6mm,6mm,6mm,6mm,6mm,6mm,6mm,6mm,6mm,6mm,6mm,6mm,6mm,6mm,6mm
$qubitHole,1mm,1mm,1mm,1mm,1mm,1mm,1mm,1mm,1mm,1mm,1mm,1mm,1mm,1mm,1mm,1mm,1mm,1mm,1mm,1mm,1mm,1mm,1mm,1mm,1mm,1mm,1mm,1mm,1mm,1mm,1mm,1mm,1mm,1mm,1mm,1mm,1mm,1mm,1mm,1mm,1mm,1mm,1mm,1mm,1mm,1mm,1mm,1mm,1mm,1mm,1mm,1mm,1mm,1mm,1mm,1mm,1mm,1mm,1mm,1mm,1mm,1mm,1mm,1mm,1mm,1mm,1mm,1mm,1mm,1mm,1mm,1mm,1mm,1mm,1mm,1mm,1mm,1mm,1mm,1mm,1mm,1mm
$qubSapThick,0.38mm,0.38mm,0.38mm,0.38mm,0.38mm,0.38mm,0.38mm,0.38mm,0.38mm,0.38mm,0.38mm,0.38mm,0.38mm,0.38mm,0.38mm,0.38mm,0.38mm,0.38mm,0.38mm,0.38mm,0.38mm,0.38mm,0.38mm,0.38mm,0.38mm,0.38mm,0.38mm,0.38mm,0.38mm,0.38mm,0.38mm,0.38mm,0.38mm,0.38mm,0.38mm,0.38mm,0.38mm,0.38mm,0.38mm,0.38mm,0.38mm,0.38mm,0.38mm,0.38mm,0.38mm,0.38mm,0.38mm,0.38mm,0.38mm,0.38mm,0.38mm,0.38mm,0.38mm,0.38mm,0.38mm,0.38mm,0.38mm,0.38mm,0.38mm,0.38mm,0.38mm,0.38mm,0.38mm,0.38mm,0.38mm,0.38mm,0.38mm,0.38mm,0.38mm,0.38mm,0.38mm,0.38mm,0.38mm,0.38mm,0.38mm,0.38mm,0.38mm,0.38mm,0.38mm,0.38mm,0.38mm,0.38mm
$qubSapZ,1.7mm,1.7mm,1.7mm,1.7mm,1.7mm,1.7mm,1.7mm,1.7mm,1.7mm,1.7mm,1.7mm,1.7mm,1.7mm,1.7mm,1.7mm,1.7mm,1.7mm,1.7mm,1.7mm,1.7mm,1.7mm,1.7mm,1.7mm,1.7mm,1.7mm,1.7mm,1.7mm,1.7mm,1.7mm,1.7mm,1.7mm,1.7mm,1.7mm,1.7mm,1.7mm,1.7mm,1.7mm,1.7mm,1.7mm,1.7mm,1.7mm,1.7mm,1.7mm,1.7mm,1.7mm,1.7mm,1.7mm,1.7mm,1.7mm,1.7mm,1.7mm,1.7mm,1.7mm,1.7mm,1.7mm,1.7mm,1.7mm,1.7mm,1.7mm,1.7mm,1.7mm,1.7mm,1.7mm,1.7mm,1.7mm,1.7mm,1.7mm,1.7mm,1.7mm,1.7mm,1.7mm,1.7mm,1.7mm,1.7mm,1.7mm,1.7mm,1.7mm,1.7mm,1.7mm,1.7mm,1.7mm,1.7mm
$rodOffset,5mm,5mm,5mm,5mm,5mm,5mm,5mm,5mm,5mm,5mm,5mm,5mm,5mm,5mm,5mm,5mm,5mm,5mm,5mm,5mm,5mm,5mm,5mm,5mm,5mm,5mm,5mm,5mm,5mm,5mm,5mm,5mm,5mm,5mm,5mm,5mm,5mm,5mm,5mm,5mm,5mm,5mm,5mm,5mm,5mm,5mm,5mm,5mm,5mm,5mm,5mm,5mm,5mm,5mm,5mm,5mm,5mm,5mm,5mm,5mm,5mm,5mm,5mm,5mm,5mm,5mm,5mm,5mm,5mm,5mm,5mm,5mm,5mm,5mm,5mm,5mm,5mm,5mm,5mm,5mm,5mm,5mm
$rodRad,2mm,2mm,2mm,2mm,2mm,2mm,2mm,2mm,2mm,2mm,2mm,2mm,2mm,2mm,2mm,2mm,2mm,2mm,2mm,2mm,2mm,2mm,2mm,2mm,2mm,2mm,2mm,2mm,2mm,2mm,2mm,2mm,2mm,2mm,2mm,2mm,2mm,2mm,2mm,2mm,2mm,2mm,2mm,2mm,2mm,2mm,2mm,2mm,2mm,2mm,2mm,2mm,2mm,2mm,2mm,2mm,2mm,2mm,2mm,2mm,2mm,2mm,2mm,2mm,2mm,2mm,2mm,2mm,2mm,2mm,2mm,2mm,2mm,2mm,2mm,2mm,2mm,2mm,2mm,2mm,2mm,2mm
$sappTand,9.9999999999999995e-08,9.9999999999999995e-08,9.9999999999999995e-08,9.9999999999999995e-08,9.9999999999999995e-08,9.9999999999999995e-08,9.9999999999999995e-08,9.9999999999999995e-08,9.9999999999999995e-08,9.9999999999999995e-08,9.9999999999999995e-08,9.9999999999999995e-08,9.9999999999999995e-08,9.9999999999999995e-08,9.9999999999999995e-08,9.9999999999999995e-08,9.9999999999999995e-08,9.9999999999999995e-08,9.9999999999999995e-08,9.9999999999999995e-08,9.9999999999999995e-08,9.9999999999999995e-08,9.9999999999999995e-08,9.9999999999999995e-08,9.9999999999999995e-08,9.9999999999999995e-08,9.9999999999999995e-08,9.9999999999999995e-08,9.9999999999999995e-08,9.9999999999999995e-08,9.9999999999999995e-08,9.9999999999999995e-08,9.9999999999999995e-08,9.9999999999999995e-08,9.9999999999999995e-08,9.9999999999999995e-08,9.9999999999999995e-08,9.9999999999999995e-08,9.9999999999999995e-08,9.9999999999999995e-08,9.9999999999999995e-08,9.9999999999999995e-08,9.9999999999999995e-08,9.9999999999999995e-08,9.9999999999999995e-08,9.9999999999999995e-08,9.9999999999999995e-08,9.9999999999999995e-08,9.9999999999999995e-08,9.9999999999999995e-08,9.9999999999999995e-08,9.9999999999999995e-08,9.9999999999999995e-08,9.9999999999999995e-08,9.9999999999999995e-08,9.9999999999999995e-08,9.9999999999999995e-08,9.9999999999999995e-08,9.9999999999999995e-08,9.9999999999999995e-08,9.9999999999999995e-08,9.9999999999999995e-08,9.9999999999999995e-08,9.9999999999999995e-08,9.9999999999999995e-08,9.9999999999999995e-08,9.9999999999999995e-08,9.9999999999999995e-08,9.9999999999999995e-08,9.9999999999999995e-08,9.9999999999999995e-08,9.9999999999999995e-08,9.9999999999999995e-08,9.9999999999999995e-08,9.9999999999999995e-08,9.9999999999999995e-08,9.9999999999999995e-08,9.9999999999999995e-08,9.9999999999999995e-08,9.9999999999999995e-08,9.9999999999999995e-08,9.9999999999999995e-08
actualJunctionHeight,0.0001mm,0.0001mm,0.0001mm,0.0001mm,0.0001mm,0.0001mm,0.0001mm,0.0001mm,0.0001mm,0.0001mm,0.0001mm,0.0001mm,0.0001mm,0.0001mm,0.0001mm,0.0001mm,0.0001mm,0.0001mm,0.0001mm,0.0001mm,0.0001mm,0.0001mm,0.0001mm,0.0001mm,0.0001mm,0.0001mm,0.0001mm,0.0001mm,0.0001mm,0.0001mm,0.0001mm,0.0001mm,0.0001mm,0.0001mm,0.0001mm,0.0001mm,0.0001mm,0.0001mm,0.0001mm,0.0001mm,0.0001mm,0.0001mm,0.0001mm,0.0001mm,0.0001mm,0.0001mm,0.0001mm,0.0001mm,0.0001mm,0.0001mm,0.0001mm,0.0001mm,0.0001mm,0.0001mm,0.0001mm,0.0001mm,0.0001mm,0.0001mm,0.0001mm,0.0001mm,0.0001mm,0.0001mm,0.0001mm,0.0001mm,0.0001mm,0.0001mm,0.0001mm,0.0001mm,0.0001mm,0.0001mm,0.0001mm,0.0001mm,0.0001mm,0.0001mm,0.0001mm,0.0001mm,0.0001mm,0.0001mm,0.0001mm,0.0001mm,0.0001mm,0.0001mm
actualJunctionLen,0.0001mm,0.0001mm,0.0001mm,0.0001mm,0.0001mm,0.0001mm,0.0001mm,0.0001mm,0.0001mm,0.0001mm,0.0001mm,0.0001mm,0.0001mm,0.0001mm,0.0001mm,0.0001mm,0.0001mm,0.0001mm,0.0001mm,0.0001mm,0.0001mm,0.0001mm,0.0001mm,0.0001mm,0.0001mm,0.0001mm,0.0001mm,0.0001mm,0.0001mm,0.0001mm,0.0001mm,0.0001mm,0.0001mm,0.0001mm,0.0001mm,0.0001mm,0.0001mm,0.0001mm,0.0001mm,0.0001mm,0.0001mm,0.0001mm,0.0001mm,0.0001mm,0.0001mm,0.0001mm,0.0001mm,0.0001mm,0.0001mm,0.0001mm,0.0001mm,0.0001mm,0.0001mm,0.0001mm,0.0001mm,0.0001mm,0.0001mm,0.0001mm,0.0001mm,0.0001mm,0.0001mm,0.0001mm,0.0001mm,0.0001mm,0.0001mm,0.0001mm,0.0001mm,0.0001mm,0.0001mm,0.0001mm,0.0001mm,0.0001mm,0.0001mm,0.0001mm,0.0001mm,0.0001mm,0.0001mm,0.0001mm,0.0001mm,0.0001mm,0.0001mm,0.0001mm
cavityHeight,40mm,40mm,40mm,40mm,40mm,40mm,40mm,40mm,40mm,40mm,40mm,40mm,40mm,40mm,40mm,40mm,40mm,40mm,40mm,40mm,40mm,40mm,40mm,40mm,40mm,40mm,40mm,40mm,40mm,40mm,40mm,40mm,40mm,40mm,40mm,40mm,40mm,40mm,40mm,40mm,40mm,40mm,40mm,40mm,40mm,40mm,40mm,40mm,40mm,40mm,40mm,40mm,40mm,40mm,40mm,40mm,40mm,40mm,40mm,40mm,40mm,40mm,40mm,40mm,40mm,40mm,40mm,40mm,40mm,40mm,40mm,40mm,40mm,40mm,40mm,40mm,40mm,40mm,40mm,40mm,40mm,40mm
cavityRadius,4.6749999999999998mm,4.6749999999999998mm,4.6749999999999998mm,4.6749999999999998mm,4.6749999999999998mm,4.6749999999999998mm,4.6749999999999998mm,4.6749999999999998mm,4.6749999999999998mm,4.6749999999999998mm,4.6749999999999998mm,4.6749999999999998mm,4.6749999999999998mm,4.6749999999999998mm,4.6749999999999998mm,4.6749999999999998mm,4.6749999999999998mm,4.6749999999999998mm,4.6749999999999998mm,4.6749999999999998mm,4.6749999999999998mm,4.6749999999999998mm,4.6749999999999998mm,4.6749999999999998mm,4.6749999999999998mm,4.6749999999999998mm,4.6749999999999998mm,4.6749999999999998mm,4.6749999999999998mm,4.6749999999999998mm,4.6749999999999998mm,4.6749999999999998mm,4.6749999999999998mm,4.6749999999999998mm,4.6749999999999998mm,4.6749999999999998mm,4.6749999999999998mm,4.6749999999999998mm,4.6749999999999998mm,4.6749999999999998mm,4.6749999999999998mm,4.6749999999999998mm,4.6749999999999998mm,4.6749999999999998mm,4.6749999999999998mm,4.6749999999999998mm,4.6749999999999998mm,4.6749999999999998mm,4.6749999999999998mm,4.6749999999999998mm,4.6749999999999998mm,4.6749999999999998mm,4.6749999999999998mm,4.6749999999999998mm,4.6749999999999998mm,4.6749999999999998mm,4.6749999999999998mm,4.6749999999999998mm,4.6749999999999998mm,4.6749999999999998mm,4.6749999999999998mm,4.6749999999999998mm,4.6749999999999998mm,4.6749999999999998mm,4.6749999999999998mm,4.6749999999999998mm,4.6749999999999998mm,4.6749999999999998mm,4.6749999999999998mm,4.6749999999999998mm,4.6749999999999998mm,4.6749999999999998mm,4.6749999999999998mm,4.6749999999999998mm,4.6749999999999998mm,4.6749999999999998mm,4.6749999999999998mm,4.6749999999999998mm,4.6749999999999998mm,4.6749999999999998mm,4.6749999999999998mm,4.6749999999999998mm
cavitySep,1.6499999999999999mm,1.6499999999999999mm,1.6499999999999999mm,1.6499999999999999mm,1.6499999999999999mm,1.6499999999999999mm,1.6499999999999999mm,1.6499999999999999mm,1.6499999999999999mm,1.6499999999999999mm,1.6499999999999999mm,1.6499999999999999mm,1.6499999999999999mm,1.6499999999999999mm,1.6499999999999999mm,1.6499999999999999mm,1.6499999999999999mm,1.6499999999999999mm,1.6499999999999999mm,1.6499999999999999mm,1.6499999999999999mm,1.6499999999999999mm,1.6499999999999999mm,1.6499999999999999mm,1.6499999999999999mm,1.6499999999999999mm,1.6499999999999999mm,1.6499999999999999mm,1.6499999999999999mm,1.6499999999999999mm,1.6499999999999999mm,1.6499999999999999mm,1.6499999999999999mm,1.6499999999999999mm,1.6499999999999999mm,1.6499999999999999mm,1.6499999999999999mm,1.6499999999999999mm,1.6499999999999999mm,1.6499999999999999mm,1.6499999999999999mm,1.6499999999999999mm,1.6499999999999999mm,1.6499999999999999mm,1.6499999999999999mm,1.6499999999999999mm,1.6499999999999999mm,1.6499999999999999mm,1.6499999999999999mm,1.6499999999999999mm,1.6499999999999999mm,1.6499999999999999mm,1.6499999999999999mm,1.6499999999999999mm,1.6499999999999999mm,1.6499999999999999mm,1.6499999999999999mm,1.6499999999999999mm,1.6499999999999999mm,1.6499999999999999mm,1.6499999999999999mm,1.6499999999999999mm,1.6499999999999999mm,1.6499999999999999mm,1.6499999999999999mm,1.6499999999999999mm,1.6499999999999999mm,1.6499999999999999mm,1.6499999999999999mm,1.6499999999999999mm,1.6499999999999999mm,1.6499999999999999mm,1.6499999999999999mm,1.6499999999999999mm,1.6499999999999999mm,1.6499999999999999mm,1.6499999999999999mm,1.6499999999999999mm,1.6499999999999999mm,1.6499999999999999mm,1.6499999999999999mm,1.6499999999999999mm
CenterOffset,0mm,0mm,0mm,0mm,0mm,0mm,0mm,0mm,0mm,0mm,0mm,0mm,0mm,0mm,0mm,0mm,0mm,0mm,0mm,0mm,0mm,0mm,0mm,0mm,0mm,0mm,0mm,0mm,0mm,0mm,0mm,0mm,0mm,0mm,0mm,0mm,0mm,0mm,0mm,0mm,0mm,0mm,0mm,0mm,0mm,0mm,0mm,0mm,0mm,0mm,0mm,0mm,0mm,0mm,0mm,0mm,0mm,0mm,0mm,0mm,0mm,0mm,0mm,0mm,0mm,0mm,0mm,0mm,0mm,0mm,0mm,0mm,0mm,0mm,0mm,0mm,0mm,0mm,0mm,0mm,0mm,0mm
coaxHeight,7.6500000000000004mm,7.6500000000000004mm,7.6500000000000004mm,7.6500000000000004mm,7.6500000000000004mm,7.6500000000000004mm,7.6500000000000004mm,7.6500000000000004mm,7.6500000000000004mm,7.6500000000000004mm,7.6500000000000004mm,7.6500000000000004mm,7.6500000000000004mm,7.6500000000000004mm,7.6500000000000004mm,7.6500000000000004mm,7.6500000000000004mm,7.6500000000000004mm,7.6500000000000004mm,7.6500000000000004mm,7.6500000000000004mm,7.6500000000000004mm,7.6500000000000004mm,7.6500000000000004mm,7.6500000000000004mm,7.6500000000000004mm,7.6500000000000004mm,7.6500000000000004mm,7.6500000000000004mm,7.6500000000000004mm,7.6500000000000004mm,7.6500000000000004mm,7.6500000000000004mm,7.6500000000000004mm,7.6500000000000004mm,7.6500000000000004mm,7.6500000000000004mm,7.6500000000000004mm,7.6500000000000004mm,7.6500000000000004mm,7.6500000000000004mm,7.6500000000000004mm,7.6500000000000004mm,7.6500000000000004mm,7.6500000000000004mm,7.6500000000000004mm,7.6500000000000004mm,7.6500000000000004mm,7.6500000000000004mm,7.6500000000000004mm,7.6500000000000004mm,7.6500000000000004mm,7.6500000000000004mm,7.6500000000000004mm,7.6500000000000004mm,7.6500000000000004mm,7.6500000000000004mm,7.6500000000000004mm,7.6500000000000004mm,7.6500000000000004mm,7.6500000000000004mm,7.6500000000000004mm,7.6500000000000004mm,7.6500000000000004mm,7.6500000000000004mm,7.6500000000000004mm,7.6500000000000004mm,7.6500000000000004mm,7.6500000000000004mm,7.6500000000000004mm,7.6500000000000004mm,7.6500000000000004mm,7.6500000000000004mm,7.6500000000000004mm,7.6500000000000004mm,7.6500000000000004mm,7.6500000000000004mm,7.6500000000000004mm,7.6500000000000004mm,7.6500000000000004mm,7.6500000000000004mm,7.6500000000000004mm
coaxHeightStorage,13.300000000000001mm,13.300000000000001mm,13.300000000000001mm,13.300000000000001mm,13.300000000000001mm,13.300000000000001mm,13.300000000000001mm,13.300000000000001mm,13.300000000000001mm,13.300000000000001mm,13.300000000000001mm,13.300000000000001mm,13.300000000000001mm,13.300000000000001mm,13.300000000000001mm,13.300000000000001mm,13.300000000000001mm,13.300000000000001mm,13.300000000000001mm,13.300000000000001mm,13.300000000000001mm,13.300000000000001mm,13.300000000000001mm,13.300000000000001mm,13.300000000000001mm,13.300000000000001mm,13.300000000000001mm,13.300000000000001mm,13.300000000000001mm,13.300000000000001mm,13.300000000000001mm,13.300000000000001mm,13.300000000000001mm,13.300000000000001mm,13.300000000000001mm,13.300000000000001mm,10mm,10mm,10mm,10mm,10mm,10mm,10mm,10mm,10mm,10mm,10mm,10mm,10mm,10mm,10mm,10mm,10mm,10mm,10mm,10mm,10mm,10mm,10mm,10mm,10mm,10mm,10mm,10mm,10mm,10mm,10mm,10mm,10mm,10mm,10mm,10mm,10mm,10mm,10mm,10mm,10mm,10mm,10mm,10mm,10mm,10mm
coaxRad,1.5mm,1.5mm,1.5mm,1.5mm,1.5mm,1.5mm,1.5mm,1.5mm,1.5mm,1.5mm,1.5mm,1.5mm,1.5mm,1.5mm,1.5mm,1.5mm,1.5mm,1.5mm,1.5mm,1.5mm,1.5mm,1.5mm,1.5mm,1.5mm,1.5mm,1.5mm,1.5mm,1.5mm,1.5mm,1.5mm,1.5mm,1.5mm,1.5mm,1.5mm,1.5mm,1.5mm,1.5mm,1.5mm,1.5mm,1.5mm,1.5mm,1.5mm,1.5mm,1.5mm,1.5mm,1.5mm,1.5mm,1.5mm,1.5mm,1.5mm,1.5mm,1.5mm,1.5mm,1.5mm,1.5mm,1.5mm,1.5mm,1.5mm,1.5mm,1.5mm,1.5mm,1.5mm,1.5mm,1.5mm,1.5mm,1.5mm,1.5mm,1.5mm,1.5mm,1.5mm,1.5mm,1.5mm,1.5mm,1.5mm,1.5mm,1.5mm,1.5mm,1.5mm,1.5mm,1.5mm,1.5mm,1.5mm
fingerHeight,0.01mm,0.01mm,0.01mm,0.01mm,0.01mm,0.01mm,0.01mm,0.01mm,0.01mm,0.01mm,0.01mm,0.01mm,0.01mm,0.01mm,0.01mm,0.01mm,0.01mm,0.01mm,0.01mm,0.01mm,0.01mm,0.01mm,0.01mm,0.01mm,0.01mm,0.01mm,0.01mm,0.01mm,0.01mm,0.01mm,0.01mm,0.01mm,0.01mm,0.01mm,0.01mm,0.01mm,0.01mm,0.01mm,0.01mm,0.01mm,0.01mm,0.01mm,0.01mm,0.01mm,0.01mm,0.01mm,0.01mm,0.01mm,0.01mm,0.01mm,0.01mm,0.01mm,0.01mm,0.01mm,0.01mm,0.01mm,0.01mm,0.01mm,0.01mm,0.01mm,0.01mm,0.01mm,0.01mm,0.01mm,0.01mm,0.01mm,0.01mm,0.01mm,0.01mm,0.01mm,0.01mm,0.01mm,0.01mm,0.01mm,0.01mm,0.01mm,0.01mm,0.01mm,0.01mm,0.01mm,0.01mm,0.01mm
fingerLen,0.10000000000000001mm,0.10000000000000001mm,0.10000000000000001mm,0.10000000000000001mm,0.10000000000000001mm,0.10000000000000001mm,0.10000000000000001mm,0.10000000000000001mm,0.10000000000000001mm,0.10000000000000001mm,0.10000000000000001mm,0.10000000000000001mm,0.10000000000000001mm,0.10000000000000001mm,0.10000000000000001mm,0.10000000000000001mm,0.10000000000000001mm,0.10000000000000001mm,0.10000000000000001mm,0.10000000000000001mm,0.10000000000000001mm,0.10000000000000001mm,0.10000000000000001mm,0.10000000000000001mm,0.10000000000000001mm,0.10000000000000001mm,0.10000000000000001mm,0.10000000000000001mm,0.10000000000000001mm,0.10000000000000001mm,0.10000000000000001mm,0.10000000000000001mm,0.10000000000000001mm,0.10000000000000001mm,0.10000000000000001mm,0.10000000000000001mm,0.10000000000000001mm,0.10000000000000001mm,0.10000000000000001mm,0.10000000000000001mm,0.10000000000000001mm,0.10000000000000001mm,0.10000000000000001mm,0.10000000000000001mm,0.10000000000000001mm,0.10000000000000001mm,0.10000000000000001mm,0.10000000000000001mm,0.10000000000000001mm,0.10000000000000001mm,0.10000000000000001mm,0.10000000000000001mm,0.10000000000000001mm,0.10000000000000001mm,0.10000000000000001mm,0.10000000000000001mm,0.10000000000000001mm,0.10000000000000001mm,0.10000000000000001mm,0.10000000000000001mm,0.10000000000000001mm,0.10000000000000001mm,0.10000000000000001mm,0.10000000000000001mm,0.10000000000000001mm,0.10000000000000001mm,0.10000000000000001mm,0.10000000000000001mm,0.10000000000000001mm,0.10000000000000001mm,0.10000000000000001mm,0.10000000000000001mm,0.10000000000000001mm,0.10000000000000001mm,0.10000000000000001mm,0.10000000000000001mm,0.10000000000000001mm,0.10000000000000001mm,0.10000000000000001mm,0.10000000000000001mm,0.10000000000000001mm,0.10000000000000001mm
HoleDepth,10mm,10mm,10mm,10mm,10mm,10mm,10mm,10mm,10mm,10mm,10mm,10mm,10mm,10mm,10mm,10mm,10mm,10mm,10mm,10mm,10mm,10mm,10mm,10mm,10mm,10mm,10mm,10mm,10mm,10mm,10mm,10mm,10mm,10mm,10mm,10mm,10mm,10mm,10mm,10mm,10mm,10mm,10mm,10mm,10mm,10mm,10mm,10mm,10mm,10mm,10mm,10mm,10mm,10mm,10mm,10mm,10mm,10mm,10mm,10mm,10mm,10mm,10mm,10mm,10mm,10mm,10mm,10mm,10mm,10mm,10mm,10mm,10mm,10mm,10mm,10mm,10mm,10mm,10mm,10mm,10mm,10mm
junctionLen,0.01mm,0.01mm,0.01mm,0.01mm,0.01mm,0.01mm,0.01mm,0.01mm,0.01mm,0.01mm,0.01mm,0.01mm,0.01mm,0.01mm,0.01mm,0.01mm,0.01mm,0.01mm,0.01mm,0.01mm,0.01mm,0.01mm,0.01mm,0.01mm,0.01mm,0.01mm,0.01mm,0.01mm,0.01mm,0.01mm,0.01mm,0.01mm,0.01mm,0.01mm,0.01mm,0.01mm,0.01mm,0.01mm,0.01mm,0.01mm,0.01mm,0.01mm,0.01mm,0.01mm,0.01mm,0.01mm,0.01mm,0.01mm,0.01mm,0.01mm,0.01mm,0.01mm,0.01mm,0.01mm,0.01mm,0.01mm,0.01mm,0.01mm,0.01mm,0.01mm,0.01mm,0.01mm,0.01mm,0.01mm,0.01mm,0.01mm,0.01mm,0.01mm,0.01mm,0.01mm,0.01mm,0.01mm,0.01mm,0.01mm,0.01mm,0.01mm,0.01mm,0.01mm,0.01mm,0.01mm,0.01mm,0.01mm
LJ,16nH,16nH,16nH,16nH,16nH,16nH,16nH,16nH,16nH,16nH,16nH,16nH,16nH,16nH,16nH,16nH,16nH,16nH,16nH,16nH,16nH,16nH,16nH,16nH,16nH,16nH,16nH,16nH,16nH,16nH,16nH,16nH,16nH,16nH,16nH,16nH,16nH,16nH,16nH,16nH,16nH,16nH,16nH,16nH,16nH,16nH,16nH,16nH,16nH,16nH,16nH,16nH,16nH,16nH,16nH,16nH,16nH,16nH,16nH,16nH,16nH,16nH,16nH,16nH,16nH,16nH,16nH,16nH,16nH,16nH,16nH,16nH,16nH,16nH,16nH,16nH,16nH,16nH,16nH,16nH,16nH,16nH
padHeight,0.25mm,0.25mm,0.25mm,0.25mm,0.25mm,0.25mm,0.25mm,0.25mm,0.25mm,0.25mm,0.25mm,0.25mm,0.25mm,0.25mm,0.25mm,0.25mm,0.25mm,0.25mm,0.25mm,0.25mm,0.25mm,0.25mm,0.25mm,0.25mm,0.25mm,0.25mm,0.25mm,0.25mm,0.25mm,0.25mm,0.25mm,0.25mm,0.25mm,0.25mm,0.25mm,0.25mm,0.25mm,0.25mm,0.25mm,0.25mm,0.25mm,0.25mm,0.25mm,0.25mm,0.25mm,0.25mm,0.25mm,0.25mm,0.25mm,0.25mm,0.25mm,0.25mm,0.25mm,0.25mm,0.25mm,0.25mm,0.25mm,0.25mm,0.25mm,0.25mm,0.25mm,0.25mm,0.25mm,0.25mm,0.25mm,0.25mm,0.25mm,0.25mm,0.25mm,0.25mm,0.25mm,0.25mm,0.25mm,0.25mm,0.25mm,0.25mm,0.25mm,0.25mm,0.25mm,0.25mm,0.25mm,0.25mm
padHeight2,0.14999999999999999mm,0.14999999999999999mm,0.14999999999999999mm,0.14999999999999999mm,0.14999999999999999mm,0.14999999999999999mm,0.14999999999999999mm,0.14999999999999999mm,0.14999999999999999mm,0.14999999999999999mm,0.14999999999999999mm,0.14999999999999999mm,0.14999999999999999mm,0.14999999999999999mm,0.14999999999999999mm,0.14999999999999999mm,0.14999999999999999mm,0.14999999999999999mm,0.14999999999999999mm,0.14999999999999999mm,0.14999999999999999mm,0.14999999999999999mm,0.14999999999999999mm,0.14999999999999999mm,0.14999999999999999mm,0.14999999999999999mm,0.14999999999999999mm,0.14999999999999999mm,0.14999999999999999mm,0.14999999999999999mm,0.14999999999999999mm,0.14999999999999999mm,0.14999999999999999mm,0.14999999999999999mm,0.14999999999999999mm,0.14999999999999999mm,0.14999999999999999mm,0.14999999999999999mm,0.14999999999999999mm,0.14999999999999999mm,0.14999999999999999mm,0.14999999999999999mm,0.14999999999999999mm,0.14999999999999999mm,0.14999999999999999mm,0.14999999999999999mm,0.14999999999999999mm,0.14999999999999999mm,0.14999999999999999mm,0.14999999999999999mm,0.14999999999999999mm,0.14999999999999999mm,0.14999999999999999mm,0.14999999999999999mm,0.14999999999999999mm,0.14999999999999999mm,0.14999999999999999mm,0.14999999999999999mm,0.14999999999999999mm,0.14999999999999999mm,0.14999999999999999mm,0.14999999999999999mm,0.14999999999999999mm,0.14999999999999999mm,0.14999999999999999mm,0.14999999999999999mm,0.14999999999999999mm,0.14999999999999999mm,0.14999999999999999mm,0.14999999999999999mm,0.14999999999999999mm,0.14999999999999999mm,0.14999999999999999mm,0.14999999999999999mm,0.14999999999999999mm,0.14999999999999999mm,0.14999999999999999mm,0.14999999999999999mm,0.14999999999999999mm,0.14999999999999999mm,0.14999999999999999mm,0.14999999999999999mm
padLen,1.5mm,1.5mm,1.5mm,1.5mm,1.5mm,1.5mm,1.5mm,1.5mm,1.5mm,1.5mm,1.5mm,1.5mm,1.5mm,1.5mm,1.5mm,1.5mm,1.5mm,1.5mm,1.5mm,1.5mm,1.5mm,1.5mm,1.5mm,1.5mm,1.5mm,1.5mm,1.5mm,1.5mm,1.5mm,1.5mm,1.5mm,1.5mm,1.5mm,1.5mm,1.5mm,1.5mm,1.5mm,1.5mm,1.5mm,1.5mm,1.5mm,1.5mm,1.5mm,1.5mm,1.5mm,1.5mm,1.5mm,1.5mm,1.5mm,1.5mm,1.5mm,1.5mm,1.5mm,1.5mm,1.5mm,1.5mm,1.5mm,1.5mm,1.5mm,1.5mm,1.5mm,1.5mm,1.5mm,1.5mm,1.5mm,1.5mm,1.5mm,1.5mm,1.5mm,1.5mm,1.5mm,1.5mm,1.5mm,1.5mm,1.5mm,1.5mm,1.5mm,1.5mm,1.5mm,1.5mm,1.5mm,1.5mm
PadOffset,0.10000000000000001mm,0.10000000000000001mm,0.10000000000000001mm,0.10000000000000001mm,0.10000000000000001mm,0.10000000000000001mm,0.10000000000000001mm,0.10000000000000001mm,0.10000000000000001mm,0.10000000000000001mm,0.10000000000000001mm,0.10000000000000001mm,0.10000000000000001mm,0.10000000000000001mm,0.10000000000000001mm,0.10000000000000001mm,0.10000000000000001mm,0.10000000000000001mm,0.10000000000000001mm,0.10000000000000001mm,0.10000000000000001mm,0.10000000000000001mm,0.10000000000000001mm,0.10000000000000001mm,0.10000000000000001mm,0.10000000000000001mm,0.10000000000000001mm,0.10000000000000001mm,0.10000000000000001mm,0.10000000000000001mm,0.10000000000000001mm,0.10000000000000001mm,0.10000000000000001mm,0.10000000000000001mm,0.10000000000000001mm,0.10000000000000001mm,0.10000000000000001mm,0.10000000000000001mm,0.10000000000000001mm,0.10000000000000001mm,0.10000000000000001mm,0.10000000000000001mm,0.10000000000000001mm,0.10000000000000001mm,0.10000000000000001mm,0.10000000000000001mm,0.10000000000000001mm,0.10000000000000001mm,0.10000000000000001mm,0.10000000000000001mm,0.10000000000000001mm,0.10000000000000001mm,0.10000000000000001mm,0.10000000000000001mm,0.10000000000000001mm,0.10000000000000001mm,0.10000000000000001mm,0.10000000000000001mm,0.10000000000000001mm,0.10000000000000001mm,0.10000000000000001mm,0.10000000000000001mm,0.10000000000000001mm,0.10000000000000001mm,0.10000000000000001mm,0.10000000000000001mm,0.10000000000000001mm,0.10000000000000001mm,0.10000000000000001mm,0.10000000000000001mm,0.10000000000000001mm,0.10000000000000001mm,0.10000000000000001mm,0.10000000000000001mm,0.10000000000000001mm,0.10000000000000001mm,0.10000000000000001mm,0.10000000000000001mm,0.10000000000000001mm,0.10000000000000001mm,0.10000000000000001mm,0.10000000000000001mm
pin1Len,1mm,1mm,1mm,1mm,1mm,1mm,1mm,1mm,1mm,1mm,1mm,1mm,1mm,1mm,1mm,1mm,1mm,1mm,1mm,1mm,1mm,1mm,1mm,1mm,1mm,1mm,1mm,1mm,1mm,1mm,1mm,1mm,1mm,1mm,1mm,1mm,1mm,1mm,1mm,1mm,1mm,1mm,1mm,1mm,1mm,1mm,1mm,1mm,1mm,1mm,1mm,1mm,1mm,1mm,1mm,1mm,1mm,1mm,1mm,1mm,1mm,1mm,1mm,1mm,1mm,1mm,1mm,1mm,1mm,1mm,1mm,1mm,1mm,1mm,1mm,1mm,1mm,7mm,7.25mm,7.5mm,7.75mm,8mm
pin2Len,10mm,10mm,10mm,10mm,10mm,10mm,10mm,10mm,10mm,10mm,10mm,10mm,10mm,10mm,10mm,10mm,10mm,10mm,10mm,10mm,10mm,10mm,10mm,10mm,10mm,10mm,10mm,10mm,10mm,10mm,10mm,10mm,10mm,10mm,10mm,10mm,10mm,10mm,10mm,10mm,10mm,10mm,10mm,10mm,10mm,10mm,10mm,10mm,10mm,10mm,10mm,10mm,10mm,10mm,10mm,10mm,10mm,10mm,10mm,10mm,10mm,10mm,10mm,10mm,10mm,10mm,10mm,10mm,10mm,10mm,10mm,10mm,10mm,10mm,10mm,10mm,10mm,10mm,10mm,10mm,10mm,10mm
PinHoleRadius,1.4604999999999999mm,1.4604999999999999mm,1.4604999999999999mm,1.4604999999999999mm,1.4604999999999999mm,1.4604999999999999mm,1.4604999999999999mm,1.4604999999999999mm,1.4604999999999999mm,1.4604999999999999mm,1.4604999999999999mm,1.4604999999999999mm,1.4604999999999999mm,1.4604999999999999mm,1.4604999999999999mm,1.4604999999999999mm,1.4604999999999999mm,1.4604999999999999mm,1.4604999999999999mm,1.4604999999999999mm,1.4604999999999999mm,1.4604999999999999mm,1.4604999999999999mm,1.4604999999999999mm,1.4604999999999999mm,1.4604999999999999mm,1.4604999999999999mm,1.4604999999999999mm,1.4604999999999999mm,1.4604999999999999mm,1.4604999999999999mm,1.4604999999999999mm,1.4604999999999999mm,1.4604999999999999mm,1.4604999999999999mm,1.4604999999999999mm,1.4604999999999999mm,1.4604999999999999mm,1.4604999999999999mm,1.4604999999999999mm,1.4604999999999999mm,1.4604999999999999mm,1.4604999999999999mm,1.4604999999999999mm,1.4604999999999999mm,1.4604999999999999mm,1.4604999999999999mm,1.4604999999999999mm,1.4604999999999999mm,1.4604999999999999mm,1.4604999999999999mm,1.4604999999999999mm,1.4604999999999999mm,1.4604999999999999mm,1.4604999999999999mm,1.4604999999999999mm,1.4604999999999999mm,1.4604999999999999mm,1.4604999999999999mm,1.4604999999999999mm,1.4604999999999999mm,1.4604999999999999mm,1.4604999999999999mm,1.4604999999999999mm,1.4604999999999999mm,1.4604999999999999mm,1.4604999999999999mm,1.4604999999999999mm,1.4604999999999999mm,1.4604999999999999mm,1.4604999999999999mm,1.4604999999999999mm,1.4604999999999999mm,1.4604999999999999mm,1.4604999999999999mm,1.4604999999999999mm,1.4604999999999999mm,1.4604999999999999mm,1.4604999999999999mm,1.4604999999999999mm,1.4604999999999999mm,1.4604999999999999mm
PinPos,0.5mm,0.5mm,0.5mm,0.5mm,0.5mm,0.5mm,0.5mm,0.5mm,0.5mm,0.5mm,0.5mm,0.5mm,0.5mm,0.5mm,0.5mm,0.5mm,0.5mm,0.5mm,0.5mm,0.5mm,0.5mm,0.5mm,0.5mm,0.5mm,0.5mm,0.5mm,0.5mm,0.5mm,0.5mm,0.5mm,0.5mm,0.5mm,0.5mm,0.5mm,0.5mm,0.5mm,0.5mm,0.5mm,0.5mm,0.5mm,0.5mm,0.5mm,0.5mm,0.5mm,0.5mm,0.5mm,0.5mm,0.5mm,0.5mm,0.5mm,0.5mm,0.5mm,0.5mm,0.5mm,0.5mm,0.5mm,0.5mm,0.5mm,0.5mm,0.5mm,0.5mm,0.5mm,0.5mm,0.5mm,0.5mm,0.5mm,0.5mm,0.5mm,0.5mm,0.5mm,0.5mm,0.5mm,0.5mm,0.5mm,0.5mm,0.5mm,0.5mm,0.5mm,0.5mm,0.5mm,0.5mm,0.5mm
pinStorageLen,11mm,11mm,11mm,11mm,11mm,11mm,11mm,11mm,11mm,11mm,11mm,11mm,11mm,11mm,11mm,11mm,11mm,11mm,11mm,11mm,11mm,11mm,11mm,11mm,11mm,11mm,11mm,11mm,11mm,11mm,11mm,11mm,11mm,11mm,11mm,11mm,11mm,1mm,1.25mm,1.5mm,1.75mm,2mm,2.25mm,2.5mm,2.75mm,3mm,3.25mm,3.5mm,3.75mm,4mm,4.25mm,4.5mm,4.75mm,5mm,5.25mm,5.5mm,5.75mm,6mm,6.25mm,6.5mm,6.75mm,7mm,7.25mm,7.5mm,7.75mm,8mm,8.25mm,8.5mm,8.75mm,9mm,9.25mm,9.5mm,9.75mm,10mm,10.25mm,10.5mm,10.75mm,11mm,11mm,11mm,11mm,11mm
qubHoleOffset,1.5049999999999999mm,1.5049999999999999mm,1.5049999999999999mm,1.5049999999999999mm,1.5049999999999999mm,1.5049999999999999mm,1.5049999999999999mm,1.5049999999999999mm,1.5049999999999999mm,1.5049999999999999mm,1.5049999999999999mm,1.5049999999999999mm,1.5049999999999999mm,1.5049999999999999mm,1.5049999999999999mm,1.5049999999999999mm,1.5049999999999999mm,1.5049999999999999mm,1.5049999999999999mm,1.5049999999999999mm,1.5049999999999999mm,1.5049999999999999mm,1.5049999999999999mm,1.5049999999999999mm,1.5049999999999999mm,1.5049999999999999mm,1.5049999999999999mm,1.5049999999999999mm,1.5049999999999999mm,1.5049999999999999mm,1.5049999999999999mm,1.5049999999999999mm,1.5049999999999999mm,1.5049999999999999mm,1.5049999999999999mm,1.5049999999999999mm,1.5049999999999999mm,1.5049999999999999mm,1.5049999999999999mm,1.5049999999999999mm,1.5049999999999999mm,1.5049999999999999mm,1.5049999999999999mm,1.5049999999999999mm,1.5049999999999999mm,1.5049999999999999mm,1.5049999999999999mm,1.5049999999999999mm,1.5049999999999999mm,1.5049999999999999mm,1.5049999999999999mm,1.5049999999999999mm,1.5049999999999999mm,1.5049999999999999mm,1.5049999999999999mm,1.5049999999999999mm,1.5049999999999999mm,1.5049999999999999mm,1.5049999999999999mm,1.5049999999999999mm,1.5049999999999999mm,1.5049999999999999mm,1.5049999999999999mm,1.5049999999999999mm,1.5049999999999999mm,1.5049999999999999mm,1.5049999999999999mm,1.5049999999999999mm,1.5049999999999999mm,1.5049999999999999mm,1.5049999999999999mm,1.5049999999999999mm,1.5049999999999999mm,1.5049999999999999mm,1.5049999999999999mm,1.5049999999999999mm,1.5049999999999999mm,1.5049999999999999mm,1.5049999999999999mm,1.5049999999999999mm,1.5049999999999999mm,1.5049999999999999mm
qubitCentDist,-5.6299999999999999mm,-5.6299999999999999mm,-5.6299999999999999mm,-5.6299999999999999mm,-5.6299999999999999mm,-5.6299999999999999mm,-5.6299999999999999mm,-5.6299999999999999mm,-5.6299999999999999mm,-5.6299999999999999mm,-5.6299999999999999mm,-5.6299999999999999mm,-5.6299999999999999mm,-5.6299999999999999mm,-5.6299999999999999mm,-5.6299999999999999mm,-5.6299999999999999mm,-5.6299999999999999mm,-5.6299999999999999mm,-5.6299999999999999mm,-5.6299999999999999mm,-5.6299999999999999mm,-5.6299999999999999mm,-5.6299999999999999mm,-5.6299999999999999mm,-5.6299999999999999mm,-5.6299999999999999mm,-5.6299999999999999mm,-5.6299999999999999mm,-5.6299999999999999mm,-5.6299999999999999mm,-5.6299999999999999mm,-5.6299999999999999mm,-5.6299999999999999mm,-5.6299999999999999mm,-5.6299999999999999mm,-5.6299999999999999mm,-5.6299999999999999mm,-5.6299999999999999mm,-5.6299999999999999mm,-5.6299999999999999mm,-5.6299999999999999mm,-5.6299999999999999mm,-5.6299999999999999mm,-5.6299999999999999mm,-5.6299999999999999mm,-5.6299999999999999mm,-5.6299999999999999mm,-5.6299999999999999mm,-5.6299999999999999mm,-5.6299999999999999mm,-5.6299999999999999mm,-5.6299999999999999mm,-5.6299999999999999mm,-5.6299999999999999mm,-5.6299999999999999mm,-5.6299999999999999mm,-5.6299999999999999mm,-5.6299999999999999mm,-5.6299999999999999mm,-5.6299999999999999mm,-5.6299999999999999mm,-5.6299999999999999mm,-5.6299999999999999mm,-5.6299999999999999mm,-5.6299999999999999mm,-5.6299999999999999mm,-5.6299999999999999mm,-5.6299999999999999mm,-5.6299999999999999mm,-5.6299999999999999mm,-5.6299999999999999mm,-5.6299999999999999mm,-5.6299999999999999mm,-5.6299999999999999mm,-5.6299999999999999mm,-5.6299999999999999mm,-5.6299999999999999mm,-5.6299999999999999mm,-5.6299999999999999mm,-5.6299999999999999mm,-5.6299999999999999mm
qubitHole,1.25mm,1.25mm,1.25mm,1.25mm,1.25mm,1.25mm,1.25mm,1.25mm,1.25mm,1.25mm,1.25mm,1.25mm,1.25mm,1.25mm,1.25mm,1.25mm,1.25mm,1.25mm,1.25mm,1.25mm,1.25mm,1.25mm,1.25mm,1.25mm,1.25mm,1.25mm,1.25mm,1.25mm,1.25mm,1.25mm,1.25mm,1.25mm,1.25mm,1.25mm,1.25mm,1.25mm,1.25mm,1.25mm,1.25mm,1.25mm,1.25mm,1.25mm,1.25mm,1.25mm,1.25mm,1.25mm,1.25mm,1.25mm,1.25mm,1.25mm,1.25mm,1.25mm,1.25mm,1.25mm,1.25mm,1.25mm,1.25mm,1.25mm,1.25mm,1.25mm,1.25mm,1.25mm,1.25mm,1.25mm,1.25mm,1.25mm,1.25mm,1.25mm,1.25mm,1.25mm,1.25mm,1.25mm,1.25mm,1.25mm,1.25mm,1.25mm,1.25mm,1.25mm,1.25mm,1.25mm,1.25mm,1.25mm
qubSapThick,0.5mm,0.5mm,0.5mm,0.5mm,0.5mm,0.5mm,0.5mm,0.5mm,0.5mm,0.5mm,0.5mm,0.5mm,0.5mm,0.5mm,0.5mm,0.5mm,0.5mm,0.5mm,0.5mm,0.5mm,0.5mm,0.5mm,0.5mm,0.5mm,0.5mm,0.5mm,0.5mm,0.5mm,0.5mm,0.5mm,0.5mm,0.5mm,0.5mm,0.5mm,0.5mm,0.5mm,0.5mm,0.5mm,0.5mm,0.5mm,0.5mm,0.5mm,0.5mm,0.5mm,0.5mm,0.5mm,0.5mm,0.5mm,0.5mm,0.5mm,0.5mm,0.5mm,0.5mm,0.5mm,0.5mm,0.5mm,0.5mm,0.5mm,0.5mm,0.5mm,0.5mm,0.5mm,0.5mm,0.5mm,0.5mm,0.5mm,0.5mm,0.5mm,0.5mm,0.5mm,0.5mm,0.5mm,0.5mm,0.5mm,0.5mm,0.5mm,0.5mm,0.5mm,0.5mm,0.5mm,0.5mm,0.5mm
qubSapZ,2mm,2mm,2mm,2mm,2mm,2mm,2mm,2mm,2mm,2mm,2mm,2mm,2mm,2mm,2mm,2mm,2mm,2mm,2mm,2mm,2mm,2mm,2mm,2mm,2mm,2mm,2mm,2mm,2mm,2mm,2mm,2mm,2mm,2mm,2mm,2mm,2mm,2mm,2mm,2mm,2mm,2mm,2mm,2mm,2mm,2mm,2mm,2mm,2mm,2mm,2mm,2mm,2mm,2mm,2mm,2mm,2mm,2mm,2mm,2mm,2mm,2mm,2mm,2mm,2mm,2mm,2mm,2mm,2mm,2mm,2mm,2mm,2mm,2mm,2mm,2mm,2mm,2mm,2mm,2mm,2mm,2mm
RO_elevated,5.6500000000000004mm,5.6500000000000004mm,5.6500000000000004mm,5.6500000000000004mm,5.6500000000000004mm,5.6500000000000004mm,5.6500000000000004mm,5.6500000000000004mm,5.6500000000000004mm,5.6500000000000004mm,5.6500000000000004mm,5.6500000000000004mm,5.6500000000000004mm,5.6500000000000004mm,5.6500000000000004mm,5.6500000000000004mm,5.6500000000000004mm,5.6500000000000004mm,5.6500000000000004mm,5.6500000000000004mm,5.6500000000000004mm,5.6500000000000004mm,5.6500000000000004mm,5.6500000000000004mm,5.6500000000000004mm,5.6500000000000004mm,5.6500000000000004mm,5.6500000000000004mm,5.6500000000000004mm,5.6500000000000004mm,5.6500000000000004mm,5.6500000000000004mm,5.6500000000000004mm,5.6500000000000004mm,5.6500000000000004mm,5.6500000000000004mm,2.3499999999999996mm,2.3499999999999996mm,2.3499999999999996mm,2.3499999999999996mm,2.3499999999999996mm,2.3499999999999996mm,2.3499999999999996mm,2.3499999999999996mm,2.3499999999999996mm,2.3499999999999996mm,2.3499999999999996mm,2.3499999999999996mm,2.3499999999999996mm,2.3499999999999996mm,2.3499999999999996mm,2.3499999999999996mm,2.3499999999999996mm,2.3499999999999996mm,2.3499999999999996mm,2.3499999999999996mm,2.3499999999999996mm,2.3499999999999996mm,2.3499999999999996mm,2.3499999999999996mm,2.3499999999999996mm,2.3499999999999996mm,2.3499999999999996mm,2.3499999999999996mm,2.3499999999999996mm,2.3499999999999996mm,2.3499999999999996mm,2.3499999999999996mm,2.3499999999999996mm,2.3499999999999996mm,2.3499999999999996mm,2.3499999999999996mm,2.3499999999999996mm,2.3499999999999996mm,2.3499999999999996mm,2.3499999999999996mm,2.3499999999999996mm,2.3499999999999996mm,2.3499999999999996mm,2.3499999999999996mm,2.3499999999999996mm,2.3499999999999996mm
rodOffset,5mm,5mm,5mm,5mm,5mm,5mm,5mm,5mm,5mm,5mm,5mm,5mm,5mm,5mm,5mm,5mm,5mm,5mm,5mm,5mm,5mm,5mm,5mm,5mm,5mm,5mm,5mm,5mm,5mm,5mm,5mm,5mm,5mm,5mm,5mm,5mm,5mm,5mm,5mm,5mm,5mm,5mm,5mm,5mm,5mm,5mm,5mm,5mm,5mm,5mm,5mm,5mm,5mm,5mm,5mm,5mm,5mm,5mm,5mm,5mm,5mm,5mm,5mm,5mm,5mm,5mm,5mm,5mm,5mm,5mm,5mm,5mm,5mm,5mm,5mm,5mm,5mm,5mm,5mm,5mm,5mm,5mm
rodRad,2mm,2mm,2mm,2mm,2mm,2mm,2mm,2mm,2mm,2mm,2mm,2mm,2mm,2mm,2mm,2mm,2mm,2mm,2mm,2mm,2mm,2mm,2mm,2mm,2mm,2mm,2mm,2mm,2mm,2mm,2mm,2mm,2mm,2mm,2mm,2mm,2mm,2mm,2mm,2mm,2mm,2mm,2mm,2mm,2mm,2mm,2mm,2mm,2mm,2mm,2mm,2mm,2mm,2mm,2mm,2mm,2mm,2mm,2mm,2mm,2mm,2mm,2mm,2mm,2mm,2mm,2mm,2mm,2mm,2mm,2mm,2mm,2mm,2mm,2mm,2mm,2mm,2mm,2mm,2mm,2mm,2mm
ROpin2Len,5.5mm,5.75mm,6mm,6.25mm,6.5mm,6.75mm,7mm,7.25mm,7.5mm,7.75mm,8mm,8.25mm,8.5mm,8.75mm,9mm,9.25mm,9.5mm,9.75mm,10mm,10.25mm,10.5mm,10.75mm,11mm,11.25mm,11.5mm,11.75mm,12mm,1mm,2mm,3mm,4mm,4.25mm,4.5mm,4.75mm,5mm,5.25mm,10.880000000000001mm,10.880000000000001mm,10.880000000000001mm,10.880000000000001mm,10.880000000000001mm,10.880000000000001mm,10.880000000000001mm,10.880000000000001mm,10.880000000000001mm,10.880000000000001mm,10.880000000000001mm,10.880000000000001mm,10.880000000000001mm,10.880000000000001mm,10.880000000000001mm,10.880000000000001mm,10.880000000000001mm,10.880000000000001mm,10.880000000000001mm,10.880000000000001mm,10.880000000000001mm,10.880000000000001mm,10.880000000000001mm,10.880000000000001mm,10.880000000000001mm,10.880000000000001mm,10.880000000000001mm,10.880000000000001mm,10.880000000000001mm,10.880000000000001mm,10.880000000000001mm,10.880000000000001mm,10.880000000000001mm,10.880000000000001mm,10.880000000000001mm,10.880000000000001mm,10.880000000000001mm,10.880000000000001mm,10.880000000000001mm,10.880000000000001mm,10.880000000000001mm,1mm,1mm,1mm,1mm,1mm
smallfingerheight,0.0001mm,0.0001mm,0.0001mm,0.0001mm,0.0001mm,0.0001mm,0.0001mm,0.0001mm,0.0001mm,0.0001mm,0.0001mm,0.0001mm,0.0001mm,0.0001mm,0.0001mm,0.0001mm,0.0001mm,0.0001mm,0.0001mm,0.0001mm,0.0001mm,0.0001mm,0.0001mm,0.0001mm,0.0001mm,0.0001mm,0.0001mm,0.0001mm,0.0001mm,0.0001mm,0.0001mm,0.0001mm,0.0001mm,0.0001mm,0.0001mm,0.0001mm,0.0001mm,0.0001mm,0.0001mm,0.0001mm,0.0001mm,0.0001mm,0.0001mm,0.0001mm,0.0001mm,0.0001mm,0.0001mm,0.0001mm,0.0001mm,0.0001mm,0.0001mm,0.0001mm,0.0001mm,0.0001mm,0.0001mm,0.0001mm,0.0001mm,0.0001mm,0.0001mm,0.0001mm,0.0001mm,0.0001mm,0.0001mm,0.0001mm,0.0001mm,0.0001mm,0.0001mm,0.0001mm,0.0001mm,0.0001mm,0.0001mm,0.0001mm,0.0001mm,0.0001mm,0.0001mm,0.0001mm,0.0001mm,0.0001mm,0.0001mm,0.0001mm,0.0001mm,0.0001mm
smallfingerlen,0.0024499999999999999mm,0.0024499999999999999mm,0.0024499999999999999mm,0.0024499999999999999mm,0.0024499999999999999mm,0.0024499999999999999mm,0.0024499999999999999mm,0.0024499999999999999mm,0.0024499999999999999mm,0.0024499999999999999mm,0.0024499999999999999mm,0.0024499999999999999mm,0.0024499999999999999mm,0.0024499999999999999mm,0.0024499999999999999mm,0.0024499999999999999mm,0.0024499999999999999mm,0.0024499999999999999mm,0.0024499999999999999mm,0.0024499999999999999mm,0.0024499999999999999mm,0.0024499999999999999mm,0.0024499999999999999mm,0.0024499999999999999mm,0.0024499999999999999mm,0.0024499999999999999mm,0.0024499999999999999mm,0.0024499999999999999mm,0.0024499999999999999mm,0.0024499999999999999mm,0.0024499999999999999mm,0.0024499999999999999mm,0.0024499999999999999mm,0.0024499999999999999mm,0.0024499999999999999mm,0.0024499999999999999mm,0.0024499999999999999mm,0.0024499999999999999mm,0.0024499999999999999mm,0.0024499999999999999mm,0.0024499999999999999mm,0.0024499999999999999mm,0.0024499999999999999mm,0.0024499999999999999mm,0.0024499999999999999mm,0.0024499999999999999mm,0.0024499999999999999mm,0.0024499999999999999mm,0.0024499999999999999mm,0.0024499999999999999mm,0.0024499999999999999mm,0.0024499999999999999mm,0.0024499999999999999mm,0.0024499999999999999mm,0.0024499999999999999mm,0.0024499999999999999mm,0.0024499999999999999mm,0.0024499999999999999mm,0.0024499999999999999mm,0.0024499999999999999mm,0.0024499999999999999mm,0.0024499999999999999mm,0.0024499999999999999mm,0.0024499999999999999mm,0.0024499999999999999mm,0.0024499999999999999mm,0.0024499999999999999mm,0.0024499999999999999mm,0.0024499999999999999mm,0.0024499999999999999mm,0.0024499999999999999mm,0.0024499999999999999mm,0.0024499999999999999mm,0.0024499999999999999mm,0.0024499999999999999mm,0.0024499999999999999mm,0.0024499999999999999mm,0.0024499999999999999mm,0.0024499999999999999mm,0.0024499999999999999mm,0.0024499999999999999mm,0.0024499999999999999mm
SMAPinRadius,0.63500000000000001mm,0.63500000000000001mm,0.63500000000000001mm,0.63500000000000001mm,0.63500000000000001mm,0.63500000000000001mm,0.63500000000000001mm,0.63500000000000001mm,0.63500000000000001mm,0.63500000000000001mm,0.63500000000000001mm,0.63500000000000001mm,0.63500000000000001mm,0.63500000000000001mm,0.63500000000000001mm,0.63500000000000001mm,0.63500000000000001mm,0.63500000000000001mm,0.63500000000000001mm,0.63500000000000001mm,0.63500000000000001mm,0.63500000000000001mm,0.63500000000000001mm,0.63500000000000001mm,0.63500000000000001mm,0.63500000000000001mm,0.63500000000000001mm,0.63500000000000001mm,0.63500000000000001mm,0.63500000000000001mm,0.63500000000000001mm,0.63500000000000001mm,0.63500000000000001mm,0.63500000000000001mm,0.63500000000000001mm,0.63500000000000001mm,0.63500000000000001mm,0.63500000000000001mm,0.63500000000000001mm,0.63500000000000001mm,0.63500000000000001mm,0.63500000000000001mm,0.63500000000000001mm,0.63500000000000001mm,0.63500000000000001mm,0.63500000000000001mm,0.63500000000000001mm,0.63500000000000001mm,0.63500000000000001mm,0.63500000000000001mm,0.63500000000000001mm,0.63500000000000001mm,0.63500000000000001mm,0.63500000000000001mm,0.63500000000000001mm,0.63500000000000001mm,0.63500000000000001mm,0.63500000000000001mm,0.63500000000000001mm,0.63500000000000001mm,0.63500000000000001mm,0.63500000000000001mm,0.63500000000000001mm,0.63500000000000001mm,0.63500000000000001mm,0.63500000000000001mm,0.63500000000000001mm,0.63500000000000001mm,0.63500000000000001mm,0.63500000000000001mm,0.63500000000000001mm,0.63500000000000001mm,0.63500000000000001mm,0.63500000000000001mm,0.63500000000000001mm,0.63500000000000001mm,0.63500000000000001mm,0.63500000000000001mm,0.63500000000000001mm,0.63500000000000001mm,0.63500000000000001mm,0.63500000000000001mm
